label,entity1,entity2,Title_entity1,Category_entity1,Brand_entity1,ModelNo_entity1,Price_entity1,Title_entity2,Category_entity2,Brand_entity2,ModelNo_entity2,Price_entity2,label_label,label_error,label_prompt,label_successfully_labeled,label_annotation
not duplicate,Title: iosafe rugged 500gb usb 3.0 portable external hard drive; Category: hard drives; Brand: iosafe; ModelNo: pa50500u5yr; Price: 299.98;,Title: western digital wd elements se 1 tb usb 2.0 portable external hard drive; Category: external hard drives; Brand: western digital; ModelNo: wdbabv0010bbk-nesn; Price: 79.99;,iosafe rugged 500gb usb 3.0 portable external hard drive,hard drives,iosafe,pa50500u5yr,299.98,western digital wd elements se 1 tb usb 2.0 portable external hard drive,external hard drives,western digital,wdbabv0010bbk-nesn,79.99,not duplicate,,"You are an expert at identifying duplicate products from online product catalogs.
You will be given information about two product entities, and your job is to tell if they are the same (duplicate) or different (not duplicate). Your answer must be from one of the following options:
duplicate
not duplicate

You will return the answer with one element: ""the correct option""


Some examples with their output answers are provided below:

Title of entity1: lexmark extra high yield return pgm print cartridge - magenta; category of entity1: printers; brand of entity1: lexmark; model number of entity1: c782u1mg; price of entity1: 214.88
Title of entity2: lexmark 18c1428 return program print cartridge black; category of entity2: inkjet printer ink; brand of entity2: lexmark; model number of entity2: 18c1428; price of entity2: 19.97
Duplicate or not: not duplicate

Title of entity1: edge tech proshot 4gb sdhc class 6 memory card; category of entity1: usb drives; brand of entity1: edge tech; model number of entity1: pe209780; price of entity1: 10.88
Title of entity2: 4gb edge proshot sdhc memory card class6; category of entity2: computers accessories; brand of entity2: edge; model number of entity2: nan; price of entity2: 17.83
Duplicate or not: duplicate

Now I want you to label the following example:
Title of entity1: iosafe rugged 500gb usb 3.0 portable external hard drive; category of entity1: hard drives; brand of entity1: iosafe; model number of entity1: pa50500u5yr; price of entity1: 299.98
Title of entity2: western digital wd elements se 1 tb usb 2.0 portable external hard drive; category of entity2: external hard drives; brand of entity2: western digital; model number of entity2: wdbabv0010bbk-nesn; price of entity2: 79.99
Duplicate or not: ",True,"successfully_labeled=True label='not duplicate' curr_sample=b'\x80\x04\x95\x19\x03\x00\x00\x00\x00\x00\x00}\x94(\x8c\x05label\x94\x8c\rnot duplicate\x94\x8c\x07entity1\x94\x8c\x8bTitle: iosafe rugged 500gb usb 3.0 portable external hard drive; Category: hard drives; Brand: iosafe; ModelNo: pa50500u5yr; Price: 299.98;\x94\x8c\x07entity2\x94\x8c\xb3Title: western digital wd elements se 1 tb usb 2.0 portable external hard drive; Category: external hard drives; Brand: western digital; ModelNo: wdbabv0010bbk-nesn; Price: 79.99;\x94\x8c\rTitle_entity1\x94\x8c8iosafe rugged 500gb usb 3.0 portable external hard drive\x94\x8c\x10Category_entity1\x94\x8c\x0bhard drives\x94\x8c\rBrand_entity1\x94\x8c\x06iosafe\x94\x8c\x0fModelNo_entity1\x94\x8c\x0bpa50500u5yr\x94\x8c\rPrice_entity1\x94\x8c\x06299.98\x94\x8c\rTitle_entity2\x94\x8cHwestern digital wd elements se 1 tb usb 2.0 portable external hard drive\x94\x8c\x10Category_entity2\x94\x8c\x14external hard drives\x94\x8c\rBrand_entity2\x94\x8c\x0fwestern digital\x94\x8c\x0fModelNo_entity2\x94\x8c\x12wdbabv0010bbk-nesn\x94\x8c\rPrice_entity2\x94\x8c\x0579.99\x94u.' confidence_score=None generation_info={'finish_reason': 'stop'} raw_response='not duplicate' explanation='' prompt='You are an expert at identifying duplicate products from online product catalogs.\nYou will be given information about two product entities, and your job is to tell if they are the same (duplicate) or different (not duplicate). Your answer must be from one of the following options:\nduplicate\nnot duplicate\n\nYou will return the answer with one element: ""the correct option""\n\n\nSome examples with their output answers are provided below:\n\nTitle of entity1: lexmark extra high yield return pgm print cartridge - magenta; category of entity1: printers; brand of entity1: lexmark; model number of entity1: c782u1mg; price of entity1: 214.88\nTitle of entity2: lexmark 18c1428 return program print cartridge black; category of entity2: inkjet printer ink; brand of entity2: lexmark; model number of entity2: 18c1428; price of entity2: 19.97\nDuplicate or not: not duplicate\n\nTitle of entity1: edge tech proshot 4gb sdhc class 6 memory card; category of entity1: usb drives; brand of entity1: edge tech; model number of entity1: pe209780; price of entity1: 10.88\nTitle of entity2: 4gb edge proshot sdhc memory card class6; category of entity2: computers accessories; brand of entity2: edge; model number of entity2: nan; price of entity2: 17.83\nDuplicate or not: duplicate\n\nNow I want you to label the following example:\nTitle of entity1: iosafe rugged 500gb usb 3.0 portable external hard drive; category of entity1: hard drives; brand of entity1: iosafe; model number of entity1: pa50500u5yr; price of entity1: 299.98\nTitle of entity2: western digital wd elements se 1 tb usb 2.0 portable external hard drive; category of entity2: external hard drives; brand of entity2: western digital; model number of entity2: wdbabv0010bbk-nesn; price of entity2: 79.99\nDuplicate or not: ' error=None"
duplicate,Title: hp 27 black inkjet cartridge c8727an; Category: printers; Brand: hp; ModelNo: c8727an; Price: 19.97;,Title: hp 27 black ink cartridge in retail packaging c8727an 140; Category: inkjet printer ink; Brand: hp; ModelNo: hewc8727an; Price: 18.61;,hp 27 black inkjet cartridge c8727an,printers,hp,c8727an,19.97,hp 27 black ink cartridge in retail packaging c8727an 140,inkjet printer ink,hp,hewc8727an,18.61,not duplicate,,"You are an expert at identifying duplicate products from online product catalogs.
You will be given information about two product entities, and your job is to tell if they are the same (duplicate) or different (not duplicate). Your answer must be from one of the following options:
duplicate
not duplicate

You will return the answer with one element: ""the correct option""


Some examples with their output answers are provided below:

Title of entity1: lexmark extra high yield return pgm print cartridge - magenta; category of entity1: printers; brand of entity1: lexmark; model number of entity1: c782u1mg; price of entity1: 214.88
Title of entity2: lexmark 18c1428 return program print cartridge black; category of entity2: inkjet printer ink; brand of entity2: lexmark; model number of entity2: 18c1428; price of entity2: 19.97
Duplicate or not: not duplicate

Title of entity1: edge tech proshot 4gb sdhc class 6 memory card; category of entity1: usb drives; brand of entity1: edge tech; model number of entity1: pe209780; price of entity1: 10.88
Title of entity2: 4gb edge proshot sdhc memory card class6; category of entity2: computers accessories; brand of entity2: edge; model number of entity2: nan; price of entity2: 17.83
Duplicate or not: duplicate

Now I want you to label the following example:
Title of entity1: hp 27 black inkjet cartridge c8727an; category of entity1: printers; brand of entity1: hp; model number of entity1: c8727an; price of entity1: 19.97
Title of entity2: hp 27 black ink cartridge in retail packaging c8727an 140; category of entity2: inkjet printer ink; brand of entity2: hp; model number of entity2: hewc8727an; price of entity2: 18.61
Duplicate or not: ",True,"successfully_labeled=True label='not duplicate' curr_sample=b'\x80\x04\x95\x89\x02\x00\x00\x00\x00\x00\x00}\x94(\x8c\x05label\x94\x8c\tduplicate\x94\x8c\x07entity1\x94\x8ckTitle: hp 27 black inkjet cartridge c8727an; Category: printers; Brand: hp; ModelNo: c8727an; Price: 19.97;\x94\x8c\x07entity2\x94\x8c\x8dTitle: hp 27 black ink cartridge in retail packaging c8727an 140; Category: inkjet printer ink; Brand: hp; ModelNo: hewc8727an; Price: 18.61;\x94\x8c\rTitle_entity1\x94\x8c$hp 27 black inkjet cartridge c8727an\x94\x8c\x10Category_entity1\x94\x8c\x08printers\x94\x8c\rBrand_entity1\x94\x8c\x02hp\x94\x8c\x0fModelNo_entity1\x94\x8c\x07c8727an\x94\x8c\rPrice_entity1\x94\x8c\x0519.97\x94\x8c\rTitle_entity2\x94\x8c9hp 27 black ink cartridge in retail packaging c8727an 140\x94\x8c\x10Category_entity2\x94\x8c\x12inkjet printer ink\x94\x8c\rBrand_entity2\x94\x8c\x02hp\x94\x8c\x0fModelNo_entity2\x94\x8c\nhewc8727an\x94\x8c\rPrice_entity2\x94\x8c\x0518.61\x94u.' confidence_score=None generation_info={'finish_reason': 'stop'} raw_response='not duplicate' explanation='' prompt='You are an expert at identifying duplicate products from online product catalogs.\nYou will be given information about two product entities, and your job is to tell if they are the same (duplicate) or different (not duplicate). Your answer must be from one of the following options:\nduplicate\nnot duplicate\n\nYou will return the answer with one element: ""the correct option""\n\n\nSome examples with their output answers are provided below:\n\nTitle of entity1: lexmark extra high yield return pgm print cartridge - magenta; category of entity1: printers; brand of entity1: lexmark; model number of entity1: c782u1mg; price of entity1: 214.88\nTitle of entity2: lexmark 18c1428 return program print cartridge black; category of entity2: inkjet printer ink; brand of entity2: lexmark; model number of entity2: 18c1428; price of entity2: 19.97\nDuplicate or not: not duplicate\n\nTitle of entity1: edge tech proshot 4gb sdhc class 6 memory card; category of entity1: usb drives; brand of entity1: edge tech; model number of entity1: pe209780; price of entity1: 10.88\nTitle of entity2: 4gb edge proshot sdhc memory card class6; category of entity2: computers accessories; brand of entity2: edge; model number of entity2: nan; price of entity2: 17.83\nDuplicate or not: duplicate\n\nNow I want you to label the following example:\nTitle of entity1: hp 27 black inkjet cartridge c8727an; category of entity1: printers; brand of entity1: hp; model number of entity1: c8727an; price of entity1: 19.97\nTitle of entity2: hp 27 black ink cartridge in retail packaging c8727an 140; category of entity2: inkjet printer ink; brand of entity2: hp; model number of entity2: hewc8727an; price of entity2: 18.61\nDuplicate or not: ' error=None"
not duplicate,Title: nzxt phantom crafted series atx full tower steel chassis black; Category: electronics - general; Brand: nzxt; ModelNo: nzxt phantom; Price: 139.82;,Title: nzxt zero 2 crafted series steel full tower chassis - no power black; Category: computer cases; Brand: nzxt; ModelNo: zero 2 black no power; Price: 89.99;,nzxt phantom crafted series atx full tower steel chassis black,electronics - general,nzxt,nzxt phantom,139.82,nzxt zero 2 crafted series steel full tower chassis - no power black,computer cases,nzxt,zero 2 black no power,89.99,not duplicate,,"You are an expert at identifying duplicate products from online product catalogs.
You will be given information about two product entities, and your job is to tell if they are the same (duplicate) or different (not duplicate). Your answer must be from one of the following options:
duplicate
not duplicate

You will return the answer with one element: ""the correct option""


Some examples with their output answers are provided below:

Title of entity1: lexmark extra high yield return pgm print cartridge - magenta; category of entity1: printers; brand of entity1: lexmark; model number of entity1: c782u1mg; price of entity1: 214.88
Title of entity2: lexmark 18c1428 return program print cartridge black; category of entity2: inkjet printer ink; brand of entity2: lexmark; model number of entity2: 18c1428; price of entity2: 19.97
Duplicate or not: not duplicate

Title of entity1: edge tech proshot 4gb sdhc class 6 memory card; category of entity1: usb drives; brand of entity1: edge tech; model number of entity1: pe209780; price of entity1: 10.88
Title of entity2: 4gb edge proshot sdhc memory card class6; category of entity2: computers accessories; brand of entity2: edge; model number of entity2: nan; price of entity2: 17.83
Duplicate or not: duplicate

Now I want you to label the following example:
Title of entity1: nzxt phantom crafted series atx full tower steel chassis black; category of entity1: electronics - general; brand of entity1: nzxt; model number of entity1: nzxt phantom; price of entity1: 139.82
Title of entity2: nzxt zero 2 crafted series steel full tower chassis - no power black; category of entity2: computer cases; brand of entity2: nzxt; model number of entity2: zero 2 black no power; price of entity2: 89.99
Duplicate or not: ",True,"successfully_labeled=True label='not duplicate' curr_sample=b'\x80\x04\x95\x13\x03\x00\x00\x00\x00\x00\x00}\x94(\x8c\x05label\x94\x8c\rnot duplicate\x94\x8c\x07entity1\x94\x8c\x9aTitle: nzxt phantom crafted series atx full tower steel chassis black; Category: electronics - general; Brand: nzxt; ModelNo: nzxt phantom; Price: 139.82;\x94\x8c\x07entity2\x94\x8c\xa1Title: nzxt zero 2 crafted series steel full tower chassis - no power black; Category: computer cases; Brand: nzxt; ModelNo: zero 2 black no power; Price: 89.99;\x94\x8c\rTitle_entity1\x94\x8c>nzxt phantom crafted series atx full tower steel chassis black\x94\x8c\x10Category_entity1\x94\x8c\x15electronics - general\x94\x8c\rBrand_entity1\x94\x8c\x04nzxt\x94\x8c\x0fModelNo_entity1\x94\x8c\x0cnzxt phantom\x94\x8c\rPrice_entity1\x94\x8c\x06139.82\x94\x8c\rTitle_entity2\x94\x8cDnzxt zero 2 crafted series steel full tower chassis - no power black\x94\x8c\x10Category_entity2\x94\x8c\x0ecomputer cases\x94\x8c\rBrand_entity2\x94\x8c\x04nzxt\x94\x8c\x0fModelNo_entity2\x94\x8c\x15zero 2 black no power\x94\x8c\rPrice_entity2\x94\x8c\x0589.99\x94u.' confidence_score=None generation_info={'finish_reason': 'stop'} raw_response='not duplicate' explanation='' prompt='You are an expert at identifying duplicate products from online product catalogs.\nYou will be given information about two product entities, and your job is to tell if they are the same (duplicate) or different (not duplicate). Your answer must be from one of the following options:\nduplicate\nnot duplicate\n\nYou will return the answer with one element: ""the correct option""\n\n\nSome examples with their output answers are provided below:\n\nTitle of entity1: lexmark extra high yield return pgm print cartridge - magenta; category of entity1: printers; brand of entity1: lexmark; model number of entity1: c782u1mg; price of entity1: 214.88\nTitle of entity2: lexmark 18c1428 return program print cartridge black; category of entity2: inkjet printer ink; brand of entity2: lexmark; model number of entity2: 18c1428; price of entity2: 19.97\nDuplicate or not: not duplicate\n\nTitle of entity1: edge tech proshot 4gb sdhc class 6 memory card; category of entity1: usb drives; brand of entity1: edge tech; model number of entity1: pe209780; price of entity1: 10.88\nTitle of entity2: 4gb edge proshot sdhc memory card class6; category of entity2: computers accessories; brand of entity2: edge; model number of entity2: nan; price of entity2: 17.83\nDuplicate or not: duplicate\n\nNow I want you to label the following example:\nTitle of entity1: nzxt phantom crafted series atx full tower steel chassis black; category of entity1: electronics - general; brand of entity1: nzxt; model number of entity1: nzxt phantom; price of entity1: 139.82\nTitle of entity2: nzxt zero 2 crafted series steel full tower chassis - no power black; category of entity2: computer cases; brand of entity2: nzxt; model number of entity2: zero 2 black no power; price of entity2: 89.99\nDuplicate or not: ' error=None"
not duplicate,Title: da-lite da-glas unframed rear projection screen - 43 1 4 x 57 3 4 video format; Category: electronics - general; Brand: da-lite; ModelNo: 27602; Price: 920.99;,Title: da-lite data pro thru-the-wall rear projection screen - 52 x 92 hdtv format; Category: projection screens; Brand: da-lite; ModelNo: 23181; Price: 15985.81;,da-lite da-glas unframed rear projection screen - 43 1 4 x 57 3 4 video format,electronics - general,da-lite,27602,920.99,da-lite data pro thru-the-wall rear projection screen - 52 x 92 hdtv format,projection screens,da-lite,23181,15985.81,not duplicate,,"You are an expert at identifying duplicate products from online product catalogs.
You will be given information about two product entities, and your job is to tell if they are the same (duplicate) or different (not duplicate). Your answer must be from one of the following options:
duplicate
not duplicate

You will return the answer with one element: ""the correct option""


Some examples with their output answers are provided below:

Title of entity1: lexmark extra high yield return pgm print cartridge - magenta; category of entity1: printers; brand of entity1: lexmark; model number of entity1: c782u1mg; price of entity1: 214.88
Title of entity2: lexmark 18c1428 return program print cartridge black; category of entity2: inkjet printer ink; brand of entity2: lexmark; model number of entity2: 18c1428; price of entity2: 19.97
Duplicate or not: not duplicate

Title of entity1: edge tech proshot 4gb sdhc class 6 memory card; category of entity1: usb drives; brand of entity1: edge tech; model number of entity1: pe209780; price of entity1: 10.88
Title of entity2: 4gb edge proshot sdhc memory card class6; category of entity2: computers accessories; brand of entity2: edge; model number of entity2: nan; price of entity2: 17.83
Duplicate or not: duplicate

Now I want you to label the following example:
Title of entity1: da-lite da-glas unframed rear projection screen - 43 1 4 x 57 3 4 video format; category of entity1: electronics - general; brand of entity1: da-lite; model number of entity1: 27602; price of entity1: 920.99
Title of entity2: da-lite data pro thru-the-wall rear projection screen - 52 x 92 hdtv format; category of entity2: projection screens; brand of entity2: da-lite; model number of entity2: 23181; price of entity2: 15985.81
Duplicate or not: ",True,"successfully_labeled=True label='not duplicate' curr_sample=b'\x80\x04\x95-\x03\x00\x00\x00\x00\x00\x00}\x94(\x8c\x05label\x94\x8c\rnot duplicate\x94\x8c\x07entity1\x94\x8c\xa6Title: da-lite da-glas unframed rear projection screen - 43 1 4 x 57 3 4 video format; Category: electronics - general; Brand: da-lite; ModelNo: 27602; Price: 920.99;\x94\x8c\x07entity2\x94\x8c\xa2Title: da-lite data pro thru-the-wall rear projection screen - 52 x 92 hdtv format; Category: projection screens; Brand: da-lite; ModelNo: 23181; Price: 15985.81;\x94\x8c\rTitle_entity1\x94\x8cNda-lite da-glas unframed rear projection screen - 43 1 4 x 57 3 4 video format\x94\x8c\x10Category_entity1\x94\x8c\x15electronics - general\x94\x8c\rBrand_entity1\x94\x8c\x07da-lite\x94\x8c\x0fModelNo_entity1\x94\x8c\x0527602\x94\x8c\rPrice_entity1\x94\x8c\x06920.99\x94\x8c\rTitle_entity2\x94\x8cKda-lite data pro thru-the-wall rear projection screen - 52 x 92 hdtv format\x94\x8c\x10Category_entity2\x94\x8c\x12projection screens\x94\x8c\rBrand_entity2\x94\x8c\x07da-lite\x94\x8c\x0fModelNo_entity2\x94\x8c\x0523181\x94\x8c\rPrice_entity2\x94\x8c\x0815985.81\x94u.' confidence_score=None generation_info={'finish_reason': 'stop'} raw_response='not duplicate' explanation='' prompt='You are an expert at identifying duplicate products from online product catalogs.\nYou will be given information about two product entities, and your job is to tell if they are the same (duplicate) or different (not duplicate). Your answer must be from one of the following options:\nduplicate\nnot duplicate\n\nYou will return the answer with one element: ""the correct option""\n\n\nSome examples with their output answers are provided below:\n\nTitle of entity1: lexmark extra high yield return pgm print cartridge - magenta; category of entity1: printers; brand of entity1: lexmark; model number of entity1: c782u1mg; price of entity1: 214.88\nTitle of entity2: lexmark 18c1428 return program print cartridge black; category of entity2: inkjet printer ink; brand of entity2: lexmark; model number of entity2: 18c1428; price of entity2: 19.97\nDuplicate or not: not duplicate\n\nTitle of entity1: edge tech proshot 4gb sdhc class 6 memory card; category of entity1: usb drives; brand of entity1: edge tech; model number of entity1: pe209780; price of entity1: 10.88\nTitle of entity2: 4gb edge proshot sdhc memory card class6; category of entity2: computers accessories; brand of entity2: edge; model number of entity2: nan; price of entity2: 17.83\nDuplicate or not: duplicate\n\nNow I want you to label the following example:\nTitle of entity1: da-lite da-glas unframed rear projection screen - 43 1 4 x 57 3 4 video format; category of entity1: electronics - general; brand of entity1: da-lite; model number of entity1: 27602; price of entity1: 920.99\nTitle of entity2: da-lite data pro thru-the-wall rear projection screen - 52 x 92 hdtv format; category of entity2: projection screens; brand of entity2: da-lite; model number of entity2: 23181; price of entity2: 15985.81\nDuplicate or not: ' error=None"
not duplicate,Title: bell o high-speed hdmi cable with ethernet 2-meter; Category: tv accessories; Brand: bell ' o; ModelNo: hd7102; Price: 69.99;,Title: ge 87704 high-speed hdmi cables with ethernet 2-pack 6-feet; Category: hdmi cables; Brand: general electric; ModelNo: 87704; Price: 25.55;,bell o high-speed hdmi cable with ethernet 2-meter,tv accessories,bell ' o,hd7102,69.99,ge 87704 high-speed hdmi cables with ethernet 2-pack 6-feet,hdmi cables,general electric,87704,25.55,not duplicate,,"You are an expert at identifying duplicate products from online product catalogs.
You will be given information about two product entities, and your job is to tell if they are the same (duplicate) or different (not duplicate). Your answer must be from one of the following options:
duplicate
not duplicate

You will return the answer with one element: ""the correct option""


Some examples with their output answers are provided below:

Title of entity1: lexmark extra high yield return pgm print cartridge - magenta; category of entity1: printers; brand of entity1: lexmark; model number of entity1: c782u1mg; price of entity1: 214.88
Title of entity2: lexmark 18c1428 return program print cartridge black; category of entity2: inkjet printer ink; brand of entity2: lexmark; model number of entity2: 18c1428; price of entity2: 19.97
Duplicate or not: not duplicate

Title of entity1: edge tech proshot 4gb sdhc class 6 memory card; category of entity1: usb drives; brand of entity1: edge tech; model number of entity1: pe209780; price of entity1: 10.88
Title of entity2: 4gb edge proshot sdhc memory card class6; category of entity2: computers accessories; brand of entity2: edge; model number of entity2: nan; price of entity2: 17.83
Duplicate or not: duplicate

Now I want you to label the following example:
Title of entity1: bell o high-speed hdmi cable with ethernet 2-meter; category of entity1: tv accessories; brand of entity1: bell ' o; model number of entity1: hd7102; price of entity1: 69.99
Title of entity2: ge 87704 high-speed hdmi cables with ethernet 2-pack 6-feet; category of entity2: hdmi cables; brand of entity2: general electric; model number of entity2: 87704; price of entity2: 25.55
Duplicate or not: ",True,"successfully_labeled=True label='not duplicate' curr_sample=b""\x80\x04\x95\xc7\x02\x00\x00\x00\x00\x00\x00}\x94(\x8c\x05label\x94\x8c\rnot duplicate\x94\x8c\x07entity1\x94\x8c\x84Title: bell o high-speed hdmi cable with ethernet 2-meter; Category: tv accessories; Brand: bell ' o; ModelNo: hd7102; Price: 69.99;\x94\x8c\x07entity2\x94\x8c\x91Title: ge 87704 high-speed hdmi cables with ethernet 2-pack 6-feet; Category: hdmi cables; Brand: general electric; ModelNo: 87704; Price: 25.55;\x94\x8c\rTitle_entity1\x94\x8c2bell o high-speed hdmi cable with ethernet 2-meter\x94\x8c\x10Category_entity1\x94\x8c\x0etv accessories\x94\x8c\rBrand_entity1\x94\x8c\x08bell ' o\x94\x8c\x0fModelNo_entity1\x94\x8c\x06hd7102\x94\x8c\rPrice_entity1\x94\x8c\x0569.99\x94\x8c\rTitle_entity2\x94\x8c;ge 87704 high-speed hdmi cables with ethernet 2-pack 6-feet\x94\x8c\x10Category_entity2\x94\x8c\x0bhdmi cables\x94\x8c\rBrand_entity2\x94\x8c\x10general electric\x94\x8c\x0fModelNo_entity2\x94\x8c\x0587704\x94\x8c\rPrice_entity2\x94\x8c\x0525.55\x94u."" confidence_score=None generation_info={'finish_reason': 'stop'} raw_response='not duplicate' explanation='' prompt='You are an expert at identifying duplicate products from online product catalogs.\nYou will be given information about two product entities, and your job is to tell if they are the same (duplicate) or different (not duplicate). Your answer must be from one of the following options:\nduplicate\nnot duplicate\n\nYou will return the answer with one element: ""the correct option""\n\n\nSome examples with their output answers are provided below:\n\nTitle of entity1: lexmark extra high yield return pgm print cartridge - magenta; category of entity1: printers; brand of entity1: lexmark; model number of entity1: c782u1mg; price of entity1: 214.88\nTitle of entity2: lexmark 18c1428 return program print cartridge black; category of entity2: inkjet printer ink; brand of entity2: lexmark; model number of entity2: 18c1428; price of entity2: 19.97\nDuplicate or not: not duplicate\n\nTitle of entity1: edge tech proshot 4gb sdhc class 6 memory card; category of entity1: usb drives; brand of entity1: edge tech; model number of entity1: pe209780; price of entity1: 10.88\nTitle of entity2: 4gb edge proshot sdhc memory card class6; category of entity2: computers accessories; brand of entity2: edge; model number of entity2: nan; price of entity2: 17.83\nDuplicate or not: duplicate\n\nNow I want you to label the following example:\nTitle of entity1: bell o high-speed hdmi cable with ethernet 2-meter; category of entity1: tv accessories; brand of entity1: bell \' o; model number of entity1: hd7102; price of entity1: 69.99\nTitle of entity2: ge 87704 high-speed hdmi cables with ethernet 2-pack 6-feet; category of entity2: hdmi cables; brand of entity2: general electric; model number of entity2: 87704; price of entity2: 25.55\nDuplicate or not: ' error=None"
not duplicate,Title: manfrotto unica v dslr messenger bag; Category: photography - general; Brand: manfrotto; ModelNo: mb-sm390-5bc; Price: 89.99;,Title: manfrotto mb sm390-5bb unica v messenger bag black; Category: cases bags; Brand: manfrotto; ModelNo: mb sm390-5bb; Price: 89.89;,manfrotto unica v dslr messenger bag,photography - general,manfrotto,mb-sm390-5bc,89.99,manfrotto mb sm390-5bb unica v messenger bag black,cases bags,manfrotto,mb sm390-5bb,89.89,not duplicate,,"You are an expert at identifying duplicate products from online product catalogs.
You will be given information about two product entities, and your job is to tell if they are the same (duplicate) or different (not duplicate). Your answer must be from one of the following options:
duplicate
not duplicate

You will return the answer with one element: ""the correct option""


Some examples with their output answers are provided below:

Title of entity1: lexmark extra high yield return pgm print cartridge - magenta; category of entity1: printers; brand of entity1: lexmark; model number of entity1: c782u1mg; price of entity1: 214.88
Title of entity2: lexmark 18c1428 return program print cartridge black; category of entity2: inkjet printer ink; brand of entity2: lexmark; model number of entity2: 18c1428; price of entity2: 19.97
Duplicate or not: not duplicate

Title of entity1: edge tech proshot 4gb sdhc class 6 memory card; category of entity1: usb drives; brand of entity1: edge tech; model number of entity1: pe209780; price of entity1: 10.88
Title of entity2: 4gb edge proshot sdhc memory card class6; category of entity2: computers accessories; brand of entity2: edge; model number of entity2: nan; price of entity2: 17.83
Duplicate or not: duplicate

Now I want you to label the following example:
Title of entity1: manfrotto unica v dslr messenger bag; category of entity1: photography - general; brand of entity1: manfrotto; model number of entity1: mb-sm390-5bc; price of entity1: 89.99
Title of entity2: manfrotto mb sm390-5bb unica v messenger bag black; category of entity2: cases bags; brand of entity2: manfrotto; model number of entity2: mb sm390-5bb; price of entity2: 89.89
Duplicate or not: ",True,"successfully_labeled=True label='not duplicate' curr_sample=b'\x80\x04\x95\xb3\x02\x00\x00\x00\x00\x00\x00}\x94(\x8c\x05label\x94\x8c\rnot duplicate\x94\x8c\x07entity1\x94\x8c\x84Title: manfrotto unica v dslr messenger bag; Category: photography - general; Brand: manfrotto; ModelNo: mb-sm390-5bc; Price: 89.99;\x94\x8c\x07entity2\x94\x8c\x87Title: manfrotto mb sm390-5bb unica v messenger bag black; Category: cases bags; Brand: manfrotto; ModelNo: mb sm390-5bb; Price: 89.89;\x94\x8c\rTitle_entity1\x94\x8c$manfrotto unica v dslr messenger bag\x94\x8c\x10Category_entity1\x94\x8c\x15photography - general\x94\x8c\rBrand_entity1\x94\x8c\tmanfrotto\x94\x8c\x0fModelNo_entity1\x94\x8c\x0cmb-sm390-5bc\x94\x8c\rPrice_entity1\x94\x8c\x0589.99\x94\x8c\rTitle_entity2\x94\x8c2manfrotto mb sm390-5bb unica v messenger bag black\x94\x8c\x10Category_entity2\x94\x8c\ncases bags\x94\x8c\rBrand_entity2\x94\x8c\tmanfrotto\x94\x8c\x0fModelNo_entity2\x94\x8c\x0cmb sm390-5bb\x94\x8c\rPrice_entity2\x94\x8c\x0589.89\x94u.' confidence_score=None generation_info={'finish_reason': 'stop'} raw_response='not duplicate' explanation='' prompt='You are an expert at identifying duplicate products from online product catalogs.\nYou will be given information about two product entities, and your job is to tell if they are the same (duplicate) or different (not duplicate). Your answer must be from one of the following options:\nduplicate\nnot duplicate\n\nYou will return the answer with one element: ""the correct option""\n\n\nSome examples with their output answers are provided below:\n\nTitle of entity1: lexmark extra high yield return pgm print cartridge - magenta; category of entity1: printers; brand of entity1: lexmark; model number of entity1: c782u1mg; price of entity1: 214.88\nTitle of entity2: lexmark 18c1428 return program print cartridge black; category of entity2: inkjet printer ink; brand of entity2: lexmark; model number of entity2: 18c1428; price of entity2: 19.97\nDuplicate or not: not duplicate\n\nTitle of entity1: edge tech proshot 4gb sdhc class 6 memory card; category of entity1: usb drives; brand of entity1: edge tech; model number of entity1: pe209780; price of entity1: 10.88\nTitle of entity2: 4gb edge proshot sdhc memory card class6; category of entity2: computers accessories; brand of entity2: edge; model number of entity2: nan; price of entity2: 17.83\nDuplicate or not: duplicate\n\nNow I want you to label the following example:\nTitle of entity1: manfrotto unica v dslr messenger bag; category of entity1: photography - general; brand of entity1: manfrotto; model number of entity1: mb-sm390-5bc; price of entity1: 89.99\nTitle of entity2: manfrotto mb sm390-5bb unica v messenger bag black; category of entity2: cases bags; brand of entity2: manfrotto; model number of entity2: mb sm390-5bb; price of entity2: 89.89\nDuplicate or not: ' error=None"
not duplicate,Title: master caster big foot no-slip rubber wedge gray 2pk; Category: home care; Brand: master caster; ModelNo: 00972; Price: 8.79;,Title: master caster 00971 - big foot doorstop no-slip rubber wedge 2-1 4w x 4-3 4d x 1-1 4h brown 2 pack; Category: laminating supplies; Brand: master caster; ModelNo: nan; Price: nan;,master caster big foot no-slip rubber wedge gray 2pk,home care,master caster,00972,8.79,master caster 00971 - big foot doorstop no-slip rubber wedge 2-1 4w x 4-3 4d x 1-1 4h brown 2 pack,laminating supplies,master caster,,,not duplicate,,"You are an expert at identifying duplicate products from online product catalogs.
You will be given information about two product entities, and your job is to tell if they are the same (duplicate) or different (not duplicate). Your answer must be from one of the following options:
duplicate
not duplicate

You will return the answer with one element: ""the correct option""


Some examples with their output answers are provided below:

Title of entity1: lexmark extra high yield return pgm print cartridge - magenta; category of entity1: printers; brand of entity1: lexmark; model number of entity1: c782u1mg; price of entity1: 214.88
Title of entity2: lexmark 18c1428 return program print cartridge black; category of entity2: inkjet printer ink; brand of entity2: lexmark; model number of entity2: 18c1428; price of entity2: 19.97
Duplicate or not: not duplicate

Title of entity1: edge tech proshot 4gb sdhc class 6 memory card; category of entity1: usb drives; brand of entity1: edge tech; model number of entity1: pe209780; price of entity1: 10.88
Title of entity2: 4gb edge proshot sdhc memory card class6; category of entity2: computers accessories; brand of entity2: edge; model number of entity2: nan; price of entity2: 17.83
Duplicate or not: duplicate

Now I want you to label the following example:
Title of entity1: master caster big foot no-slip rubber wedge gray 2pk; category of entity1: home care; brand of entity1: master caster; model number of entity1: 00972; price of entity1: 8.79
Title of entity2: master caster 00971 - big foot doorstop no-slip rubber wedge 2-1 4w x 4-3 4d x 1-1 4h brown 2 pack; category of entity2: laminating supplies; brand of entity2: master caster; model number of entity2: nan; price of entity2: nan
Duplicate or not: ",True,"successfully_labeled=True label='not duplicate' curr_sample=b'\x80\x04\x95\x1d\x03\x00\x00\x00\x00\x00\x00}\x94(\x8c\x05label\x94\x8c\rnot duplicate\x94\x8c\x07entity1\x94\x8c\x84Title: master caster big foot no-slip rubber wedge gray 2pk; Category: home care; Brand: master caster; ModelNo: 00972; Price: 8.79;\x94\x8c\x07entity2\x94\x8c\xb9Title: master caster 00971 - big foot doorstop no-slip rubber wedge 2-1 4w x 4-3 4d x 1-1 4h brown 2 pack; Category: laminating supplies; Brand: master caster; ModelNo: nan; Price: nan;\x94\x8c\rTitle_entity1\x94\x8c4master caster big foot no-slip rubber wedge gray 2pk\x94\x8c\x10Category_entity1\x94\x8c\thome care\x94\x8c\rBrand_entity1\x94\x8c\rmaster caster\x94\x8c\x0fModelNo_entity1\x94\x8c\x0500972\x94\x8c\rPrice_entity1\x94\x8c\x048.79\x94\x8c\rTitle_entity2\x94\x8cbmaster caster 00971 - big foot doorstop no-slip rubber wedge 2-1 4w x 4-3 4d x 1-1 4h brown 2 pack\x94\x8c\x10Category_entity2\x94\x8c\x13laminating supplies\x94\x8c\rBrand_entity2\x94\x8c\rmaster caster\x94\x8c\x0fModelNo_entity2\x94G\x7f\xf8\x00\x00\x00\x00\x00\x00\x8c\rPrice_entity2\x94G\x7f\xf8\x00\x00\x00\x00\x00\x00u.' confidence_score=None generation_info={'finish_reason': 'stop'} raw_response='not duplicate' explanation='' prompt='You are an expert at identifying duplicate products from online product catalogs.\nYou will be given information about two product entities, and your job is to tell if they are the same (duplicate) or different (not duplicate). Your answer must be from one of the following options:\nduplicate\nnot duplicate\n\nYou will return the answer with one element: ""the correct option""\n\n\nSome examples with their output answers are provided below:\n\nTitle of entity1: lexmark extra high yield return pgm print cartridge - magenta; category of entity1: printers; brand of entity1: lexmark; model number of entity1: c782u1mg; price of entity1: 214.88\nTitle of entity2: lexmark 18c1428 return program print cartridge black; category of entity2: inkjet printer ink; brand of entity2: lexmark; model number of entity2: 18c1428; price of entity2: 19.97\nDuplicate or not: not duplicate\n\nTitle of entity1: edge tech proshot 4gb sdhc class 6 memory card; category of entity1: usb drives; brand of entity1: edge tech; model number of entity1: pe209780; price of entity1: 10.88\nTitle of entity2: 4gb edge proshot sdhc memory card class6; category of entity2: computers accessories; brand of entity2: edge; model number of entity2: nan; price of entity2: 17.83\nDuplicate or not: duplicate\n\nNow I want you to label the following example:\nTitle of entity1: master caster big foot no-slip rubber wedge gray 2pk; category of entity1: home care; brand of entity1: master caster; model number of entity1: 00972; price of entity1: 8.79\nTitle of entity2: master caster 00971 - big foot doorstop no-slip rubber wedge 2-1 4w x 4-3 4d x 1-1 4h brown 2 pack; category of entity2: laminating supplies; brand of entity2: master caster; model number of entity2: nan; price of entity2: nan\nDuplicate or not: ' error=None"
not duplicate,Title: panasonic kx-tg4022n dect 6.0 plus expandable cordless answering system w 2 handsets; Category: electronics - general; Brand: panasonic; ModelNo: kx-tg4022n; Price: 44.98;,Title: panasonic kx-tg1062m dect 6.0 corded cordless phone with answering machine metallic gray 2 handsets; Category: corded-cordless combo telephones; Brand: panasonic; ModelNo: kx-tg1062m; Price: nan;,panasonic kx-tg4022n dect 6.0 plus expandable cordless answering system w 2 handsets,electronics - general,panasonic,kx-tg4022n,44.98,panasonic kx-tg1062m dect 6.0 corded cordless phone with answering machine metallic gray 2 handsets,corded-cordless combo telephones,panasonic,kx-tg1062m,,not duplicate,,"You are an expert at identifying duplicate products from online product catalogs.
You will be given information about two product entities, and your job is to tell if they are the same (duplicate) or different (not duplicate). Your answer must be from one of the following options:
duplicate
not duplicate

You will return the answer with one element: ""the correct option""


Some examples with their output answers are provided below:

Title of entity1: lexmark extra high yield return pgm print cartridge - magenta; category of entity1: printers; brand of entity1: lexmark; model number of entity1: c782u1mg; price of entity1: 214.88
Title of entity2: lexmark 18c1428 return program print cartridge black; category of entity2: inkjet printer ink; brand of entity2: lexmark; model number of entity2: 18c1428; price of entity2: 19.97
Duplicate or not: not duplicate

Title of entity1: edge tech proshot 4gb sdhc class 6 memory card; category of entity1: usb drives; brand of entity1: edge tech; model number of entity1: pe209780; price of entity1: 10.88
Title of entity2: 4gb edge proshot sdhc memory card class6; category of entity2: computers accessories; brand of entity2: edge; model number of entity2: nan; price of entity2: 17.83
Duplicate or not: duplicate

Now I want you to label the following example:
Title of entity1: panasonic kx-tg4022n dect 6.0 plus expandable cordless answering system w 2 handsets; category of entity1: electronics - general; brand of entity1: panasonic; model number of entity1: kx-tg4022n; price of entity1: 44.98
Title of entity2: panasonic kx-tg1062m dect 6.0 corded cordless phone with answering machine metallic gray 2 handsets; category of entity2: corded-cordless combo telephones; brand of entity2: panasonic; model number of entity2: kx-tg1062m; price of entity2: nan
Duplicate or not: ",True,"successfully_labeled=True label='not duplicate' curr_sample=b'\x80\x04\x95\x98\x03\x00\x00\x00\x00\x00\x00}\x94(\x8c\x05label\x94\x8c\rnot duplicate\x94\x8c\x07entity1\x94\x8c\xb2Title: panasonic kx-tg4022n dect 6.0 plus expandable cordless answering system w 2 handsets; Category: electronics - general; Brand: panasonic; ModelNo: kx-tg4022n; Price: 44.98;\x94\x8c\x07entity2\x94\x8c\xcaTitle: panasonic kx-tg1062m dect 6.0 corded cordless phone with answering machine metallic gray 2 handsets; Category: corded-cordless combo telephones; Brand: panasonic; ModelNo: kx-tg1062m; Price: nan;\x94\x8c\rTitle_entity1\x94\x8cTpanasonic kx-tg4022n dect 6.0 plus expandable cordless answering system w 2 handsets\x94\x8c\x10Category_entity1\x94\x8c\x15electronics - general\x94\x8c\rBrand_entity1\x94\x8c\tpanasonic\x94\x8c\x0fModelNo_entity1\x94\x8c\nkx-tg4022n\x94\x8c\rPrice_entity1\x94\x8c\x0544.98\x94\x8c\rTitle_entity2\x94\x8ccpanasonic kx-tg1062m dect 6.0 corded cordless phone with answering machine metallic gray 2 handsets\x94\x8c\x10Category_entity2\x94\x8c corded-cordless combo telephones\x94\x8c\rBrand_entity2\x94\x8c\tpanasonic\x94\x8c\x0fModelNo_entity2\x94\x8c\nkx-tg1062m\x94\x8c\rPrice_entity2\x94G\x7f\xf8\x00\x00\x00\x00\x00\x00u.' confidence_score=None generation_info={'finish_reason': 'stop'} raw_response='not duplicate' explanation='' prompt='You are an expert at identifying duplicate products from online product catalogs.\nYou will be given information about two product entities, and your job is to tell if they are the same (duplicate) or different (not duplicate). Your answer must be from one of the following options:\nduplicate\nnot duplicate\n\nYou will return the answer with one element: ""the correct option""\n\n\nSome examples with their output answers are provided below:\n\nTitle of entity1: lexmark extra high yield return pgm print cartridge - magenta; category of entity1: printers; brand of entity1: lexmark; model number of entity1: c782u1mg; price of entity1: 214.88\nTitle of entity2: lexmark 18c1428 return program print cartridge black; category of entity2: inkjet printer ink; brand of entity2: lexmark; model number of entity2: 18c1428; price of entity2: 19.97\nDuplicate or not: not duplicate\n\nTitle of entity1: edge tech proshot 4gb sdhc class 6 memory card; category of entity1: usb drives; brand of entity1: edge tech; model number of entity1: pe209780; price of entity1: 10.88\nTitle of entity2: 4gb edge proshot sdhc memory card class6; category of entity2: computers accessories; brand of entity2: edge; model number of entity2: nan; price of entity2: 17.83\nDuplicate or not: duplicate\n\nNow I want you to label the following example:\nTitle of entity1: panasonic kx-tg4022n dect 6.0 plus expandable cordless answering system w 2 handsets; category of entity1: electronics - general; brand of entity1: panasonic; model number of entity1: kx-tg4022n; price of entity1: 44.98\nTitle of entity2: panasonic kx-tg1062m dect 6.0 corded cordless phone with answering machine metallic gray 2 handsets; category of entity2: corded-cordless combo telephones; brand of entity2: panasonic; model number of entity2: kx-tg1062m; price of entity2: nan\nDuplicate or not: ' error=None"
not duplicate,Title: da-lite da-plex self trimming rear projection screen - 40 1 4 x 53 3 4 video format; Category: electronics - general; Brand: da-lite; ModelNo: 27580; Price: 1892.99;,Title: da-lite da-plex thru-the-wall rear projection screen - 90 x 120 video format; Category: projection screens; Brand: da-lite; ModelNo: 23055; Price: 12222.0;,da-lite da-plex self trimming rear projection screen - 40 1 4 x 53 3 4 video format,electronics - general,da-lite,27580,1892.99,da-lite da-plex thru-the-wall rear projection screen - 90 x 120 video format,projection screens,da-lite,23055,12222.0,not duplicate,,"You are an expert at identifying duplicate products from online product catalogs.
You will be given information about two product entities, and your job is to tell if they are the same (duplicate) or different (not duplicate). Your answer must be from one of the following options:
duplicate
not duplicate

You will return the answer with one element: ""the correct option""


Some examples with their output answers are provided below:

Title of entity1: lexmark extra high yield return pgm print cartridge - magenta; category of entity1: printers; brand of entity1: lexmark; model number of entity1: c782u1mg; price of entity1: 214.88
Title of entity2: lexmark 18c1428 return program print cartridge black; category of entity2: inkjet printer ink; brand of entity2: lexmark; model number of entity2: 18c1428; price of entity2: 19.97
Duplicate or not: not duplicate

Title of entity1: edge tech proshot 4gb sdhc class 6 memory card; category of entity1: usb drives; brand of entity1: edge tech; model number of entity1: pe209780; price of entity1: 10.88
Title of entity2: 4gb edge proshot sdhc memory card class6; category of entity2: computers accessories; brand of entity2: edge; model number of entity2: nan; price of entity2: 17.83
Duplicate or not: duplicate

Now I want you to label the following example:
Title of entity1: da-lite da-plex self trimming rear projection screen - 40 1 4 x 53 3 4 video format; category of entity1: electronics - general; brand of entity1: da-lite; model number of entity1: 27580; price of entity1: 1892.99
Title of entity2: da-lite da-plex thru-the-wall rear projection screen - 90 x 120 video format; category of entity2: projection screens; brand of entity2: da-lite; model number of entity2: 23055; price of entity2: 12222.0
Duplicate or not: ",True,"successfully_labeled=True label='not duplicate' curr_sample=b'\x80\x04\x959\x03\x00\x00\x00\x00\x00\x00}\x94(\x8c\x05label\x94\x8c\rnot duplicate\x94\x8c\x07entity1\x94\x8c\xacTitle: da-lite da-plex self trimming rear projection screen - 40 1 4 x 53 3 4 video format; Category: electronics - general; Brand: da-lite; ModelNo: 27580; Price: 1892.99;\x94\x8c\x07entity2\x94\x8c\xa2Title: da-lite da-plex thru-the-wall rear projection screen - 90 x 120 video format; Category: projection screens; Brand: da-lite; ModelNo: 23055; Price: 12222.0;\x94\x8c\rTitle_entity1\x94\x8cSda-lite da-plex self trimming rear projection screen - 40 1 4 x 53 3 4 video format\x94\x8c\x10Category_entity1\x94\x8c\x15electronics - general\x94\x8c\rBrand_entity1\x94\x8c\x07da-lite\x94\x8c\x0fModelNo_entity1\x94\x8c\x0527580\x94\x8c\rPrice_entity1\x94\x8c\x071892.99\x94\x8c\rTitle_entity2\x94\x8cLda-lite da-plex thru-the-wall rear projection screen - 90 x 120 video format\x94\x8c\x10Category_entity2\x94\x8c\x12projection screens\x94\x8c\rBrand_entity2\x94\x8c\x07da-lite\x94\x8c\x0fModelNo_entity2\x94\x8c\x0523055\x94\x8c\rPrice_entity2\x94\x8c\x0712222.0\x94u.' confidence_score=None generation_info={'finish_reason': 'stop'} raw_response='not duplicate' explanation='' prompt='You are an expert at identifying duplicate products from online product catalogs.\nYou will be given information about two product entities, and your job is to tell if they are the same (duplicate) or different (not duplicate). Your answer must be from one of the following options:\nduplicate\nnot duplicate\n\nYou will return the answer with one element: ""the correct option""\n\n\nSome examples with their output answers are provided below:\n\nTitle of entity1: lexmark extra high yield return pgm print cartridge - magenta; category of entity1: printers; brand of entity1: lexmark; model number of entity1: c782u1mg; price of entity1: 214.88\nTitle of entity2: lexmark 18c1428 return program print cartridge black; category of entity2: inkjet printer ink; brand of entity2: lexmark; model number of entity2: 18c1428; price of entity2: 19.97\nDuplicate or not: not duplicate\n\nTitle of entity1: edge tech proshot 4gb sdhc class 6 memory card; category of entity1: usb drives; brand of entity1: edge tech; model number of entity1: pe209780; price of entity1: 10.88\nTitle of entity2: 4gb edge proshot sdhc memory card class6; category of entity2: computers accessories; brand of entity2: edge; model number of entity2: nan; price of entity2: 17.83\nDuplicate or not: duplicate\n\nNow I want you to label the following example:\nTitle of entity1: da-lite da-plex self trimming rear projection screen - 40 1 4 x 53 3 4 video format; category of entity1: electronics - general; brand of entity1: da-lite; model number of entity1: 27580; price of entity1: 1892.99\nTitle of entity2: da-lite da-plex thru-the-wall rear projection screen - 90 x 120 video format; category of entity2: projection screens; brand of entity2: da-lite; model number of entity2: 23055; price of entity2: 12222.0\nDuplicate or not: ' error=None"
not duplicate,Title: ihome rechargeable collapsible portable mini multimedia speakers silver; Category: portable audio; Brand: ihome; ModelNo: ihm79sc; Price: 47.55;,Title: ihome ihm78px rechargeable mini speakers pink; Category: mp3 player accessories; Brand: ihome; ModelNo: ihm78px; Price: 24.0;,ihome rechargeable collapsible portable mini multimedia speakers silver,portable audio,ihome,ihm79sc,47.55,ihome ihm78px rechargeable mini speakers pink,mp3 player accessories,ihome,ihm78px,24.0,not duplicate,,"You are an expert at identifying duplicate products from online product catalogs.
You will be given information about two product entities, and your job is to tell if they are the same (duplicate) or different (not duplicate). Your answer must be from one of the following options:
duplicate
not duplicate

You will return the answer with one element: ""the correct option""


Some examples with their output answers are provided below:

Title of entity1: lexmark extra high yield return pgm print cartridge - magenta; category of entity1: printers; brand of entity1: lexmark; model number of entity1: c782u1mg; price of entity1: 214.88
Title of entity2: lexmark 18c1428 return program print cartridge black; category of entity2: inkjet printer ink; brand of entity2: lexmark; model number of entity2: 18c1428; price of entity2: 19.97
Duplicate or not: not duplicate

Title of entity1: edge tech proshot 4gb sdhc class 6 memory card; category of entity1: usb drives; brand of entity1: edge tech; model number of entity1: pe209780; price of entity1: 10.88
Title of entity2: 4gb edge proshot sdhc memory card class6; category of entity2: computers accessories; brand of entity2: edge; model number of entity2: nan; price of entity2: 17.83
Duplicate or not: duplicate

Now I want you to label the following example:
Title of entity1: ihome rechargeable collapsible portable mini multimedia speakers silver; category of entity1: portable audio; brand of entity1: ihome; model number of entity1: ihm79sc; price of entity1: 47.55
Title of entity2: ihome ihm78px rechargeable mini speakers pink; category of entity2: mp3 player accessories; brand of entity2: ihome; model number of entity2: ihm78px; price of entity2: 24.0
Duplicate or not: ",True,"successfully_labeled=True label='not duplicate' curr_sample=b'\x80\x04\x95\xd3\x02\x00\x00\x00\x00\x00\x00}\x94(\x8c\x05label\x94\x8c\rnot duplicate\x94\x8c\x07entity1\x94\x8c\x97Title: ihome rechargeable collapsible portable mini multimedia speakers silver; Category: portable audio; Brand: ihome; ModelNo: ihm79sc; Price: 47.55;\x94\x8c\x07entity2\x94\x8c\x84Title: ihome ihm78px rechargeable mini speakers pink; Category: mp3 player accessories; Brand: ihome; ModelNo: ihm78px; Price: 24.0;\x94\x8c\rTitle_entity1\x94\x8cGihome rechargeable collapsible portable mini multimedia speakers silver\x94\x8c\x10Category_entity1\x94\x8c\x0eportable audio\x94\x8c\rBrand_entity1\x94\x8c\x05ihome\x94\x8c\x0fModelNo_entity1\x94\x8c\x07ihm79sc\x94\x8c\rPrice_entity1\x94\x8c\x0547.55\x94\x8c\rTitle_entity2\x94\x8c-ihome ihm78px rechargeable mini speakers pink\x94\x8c\x10Category_entity2\x94\x8c\x16mp3 player accessories\x94\x8c\rBrand_entity2\x94\x8c\x05ihome\x94\x8c\x0fModelNo_entity2\x94\x8c\x07ihm78px\x94\x8c\rPrice_entity2\x94\x8c\x0424.0\x94u.' confidence_score=None generation_info={'finish_reason': 'stop'} raw_response='not duplicate' explanation='' prompt='You are an expert at identifying duplicate products from online product catalogs.\nYou will be given information about two product entities, and your job is to tell if they are the same (duplicate) or different (not duplicate). Your answer must be from one of the following options:\nduplicate\nnot duplicate\n\nYou will return the answer with one element: ""the correct option""\n\n\nSome examples with their output answers are provided below:\n\nTitle of entity1: lexmark extra high yield return pgm print cartridge - magenta; category of entity1: printers; brand of entity1: lexmark; model number of entity1: c782u1mg; price of entity1: 214.88\nTitle of entity2: lexmark 18c1428 return program print cartridge black; category of entity2: inkjet printer ink; brand of entity2: lexmark; model number of entity2: 18c1428; price of entity2: 19.97\nDuplicate or not: not duplicate\n\nTitle of entity1: edge tech proshot 4gb sdhc class 6 memory card; category of entity1: usb drives; brand of entity1: edge tech; model number of entity1: pe209780; price of entity1: 10.88\nTitle of entity2: 4gb edge proshot sdhc memory card class6; category of entity2: computers accessories; brand of entity2: edge; model number of entity2: nan; price of entity2: 17.83\nDuplicate or not: duplicate\n\nNow I want you to label the following example:\nTitle of entity1: ihome rechargeable collapsible portable mini multimedia speakers silver; category of entity1: portable audio; brand of entity1: ihome; model number of entity1: ihm79sc; price of entity1: 47.55\nTitle of entity2: ihome ihm78px rechargeable mini speakers pink; category of entity2: mp3 player accessories; brand of entity2: ihome; model number of entity2: ihm78px; price of entity2: 24.0\nDuplicate or not: ' error=None"
